[
    {
        "sampleID": 1,
        "datasetID": "dataset_1",
        "sampleType": 1,
        "metadata": "{\"SampleID\":1,\"DatasetID\":\"dataset_1\",\"SampleType\":1,\"ImageCount\":4,\"Images\":[{\"ImageID\":\"EQP1/STEP1/LOT1/WAFER1/DEF1_1.jpg\",\"SampleID\":1,\"ImageNO\":1,\"ImageCode\":\"Center\",\"OriginalFilename\":\"image1_1.jpg\",\"ImageScheme\":\"(760, 550)\"},{\"ImageID\":\"EQP1/STEP1/LOT1/WAFER1/DEF1_2.jpg\",\"SampleID\":1,\"ImageNO\":2,\"ImageCode\":\"Center\",\"OriginalFilename\":\"image1_2.jpg\",\"ImageScheme\":\"(760, 550)\"},{\"ImageID\":\"EQP1/STEP1/LOT1/WAFER1/DEF1_3.jpg\",\"SampleID\":1,\"ImageNO\":3,\"ImageCode\":\"Left\",\"OriginalFilename\":\"image1_3.jpg\",\"ImageScheme\":\"(760, 550)\"},{\"ImageID\":\"EQP1/STEP1/LOT1/WAFER1/DEF1_4.jpg\",\"SampleID\":1,\"ImageNO\":4,\"ImageCode\":\"Right\",\"OriginalFilename\":\"image1_4.jpg\",\"ImageScheme\":\"(760, 550)\"}]}",
        "imageCount": 4,
        "images": [
            {
                "imageID": "EQP1/STEP1/LOT1/WAFER1/DEF1_1.jpg",
                "sampleID": 1,
                "imageNO": 1,
                "imageCode": "Center",
                "originalFilename": "image1_1.jpg",
                "imageScheme": "(760, 550)"
            },
            {
                "imageID": "EQP1/STEP1/LOT1/WAFER1/DEF1_2.jpg",
                "sampleID": 1,
                "imageNO": 2,
                "imageCode": "Center",
                "originalFilename": "image1_2.jpg",
                "imageScheme": "(760, 550)"
            },
            {
                "imageID": "EQP1/STEP1/LOT1/WAFER1/DEF1_3.jpg",
                "sampleID": 1,
                "imageNO": 3,
                "imageCode": "Left",
                "originalFilename": "image1_3.jpg",
                "imageScheme": "(760, 550)"
            },
            {
                "imageID": "EQP1/STEP1/LOT1/WAFER1/DEF1_4.jpg",
                "sampleID": 1,
                "imageNO": 4,
                "imageCode": "Right",
                "originalFilename": "image1_4.jpg",
                "imageScheme": "(760, 550)"
            }
        ]
    },
    {
        "sampleID": 2,
        "datasetID": "dataset_1",
        "sampleType": 1,
        "metadata": "{\"SampleID\":2,\"DatasetID\":\"dataset_1\",\"SampleType\":1,\"ImageCount\":3,\"Images\":[{\"ImageID\":\"EQP1/STEP1/LOT1/WAFER1/DEF2_2.jpg\",\"SampleID\":2,\"ImageNO\":2,\"ImageCode\":\"Left\",\"OriginalFilename\":\"image2_2.jpg\",\"ImageScheme\":\"(760, 550)\"},{\"ImageID\":\"EQP1/STEP1/LOT1/WAFER1/DEF2_3.jpg\",\"SampleID\":2,\"ImageNO\":3,\"ImageCode\":\"Center\",\"OriginalFilename\":\"image2_3.jpg\",\"ImageScheme\":\"(760, 550)\"},{\"ImageID\":\"EQP1/STEP1/LOT1/WAFER1/DEF2_1.jpg\",\"SampleID\":2,\"ImageNO\":1,\"ImageCode\":\"Right\",\"OriginalFilename\":\"image2_1.jpg\",\"ImageScheme\":\"(760, 550)\"}]}",
        "imageCount": 3,
        "images": [
            {
                "imageID": "EQP1/STEP1/LOT1/WAFER1/DEF2_1.jpg",
                "sampleID": 2,
                "imageNO": 1,
                "imageCode": "Right",
                "originalFilename": "image2_1.jpg",
                "imageScheme": "(760, 550)"
            },
            {
                "imageID": "EQP1/STEP1/LOT1/WAFER1/DEF2_2.jpg",
                "sampleID": 2,
                "imageNO": 2,
                "imageCode": "Left",
                "originalFilename": "image2_2.jpg",
                "imageScheme": "(760, 550)"
            },
            {
                "imageID": "EQP1/STEP1/LOT1/WAFER1/DEF2_3.jpg",
                "sampleID": 2,
                "imageNO": 3,
                "imageCode": "Center",
                "originalFilename": "image2_3.jpg",
                "imageScheme": "(760, 550)"
            }
        ]
    },
    {
        "sampleID": 3,
        "datasetID": "dataset_1",
        "sampleType": 1,
        "metadata": "{\"SampleID\":3,\"DatasetID\":\"dataset_1\",\"SampleType\":1,\"ImageCount\":0,\"Images\":[]}",
        "imageCount": 0,
        "images": []
    },
    {
        "sampleID": 4,
        "datasetID": "dataset_1",
        "sampleType": 1,
        "metadata": "{\"SampleID\":4,\"DatasetID\":\"dataset_1\",\"SampleType\":1,\"ImageCount\":0,\"Images\":[]}",
        "imageCount": 0,
        "images": []
    },
    {
        "sampleID": 5,
        "datasetID": "dataset_1",
        "sampleType": 1,
        "metadata": "{\"SampleID\":5,\"DatasetID\":\"dataset_1\",\"SampleType\":1,\"ImageCount\":0,\"Images\":[]}",
        "imageCount": 0,
        "images": []
    },
    {
        "sampleID": 6,
        "datasetID": "dataset_1",
        "sampleType": 1,
        "metadata": "{\"SampleID\":6,\"DatasetID\":\"dataset_1\",\"SampleType\":1,\"ImageCount\":0,\"Images\":[]}",
        "imageCount": 0,
        "images": []
    },
    {
        "sampleID": 7,
        "datasetID": "dataset_1",
        "sampleType": 1,
        "metadata": "{\"SampleID\":7,\"DatasetID\":\"dataset_1\",\"SampleType\":1,\"ImageCount\":0,\"Images\":[]}",
        "imageCount": 0,
        "images": []
    }
]